{"RuleTriggered": 0, "Violations": 0, "Details": {"pin_memory": false, "num_workers": 0, "cores": 8, "dataloaders": 1, "dataloading_time": {"p25": 1.6935372499999999, "p50": 1.7097405, "p95": 2.1434728999999995, "probs": [1, 1, 0, 0, 0, 0, 0, 0, 2, 0, 1, 1, 0, 1, 0, 0, 0, 0, 0, 0, 0, 0, 0, 0, 0, 1, 0, 0, 0, 0, 0, 0, 0, 0, 0, 0, 0, 0, 0, 0, 0, 0, 0, 0, 0, 0, 0, 0, 0, 0, 0, 0, 0, 0, 0, 0, 0, 0, 1, 0, 0, 0, 0, 0, 0, 0, 0, 0, 0, 0, 0, 0, 0, 0, 0, 0, 0, 0, 0, 0, 0, 0, 0, 0, 0, 0, 0, 0, 0, 0, 0, 0, 0, 0, 0, 0, 0, 0, 0, 1], "binedges": [1.639978, 1.64617664, 1.65237528, 1.65857392, 1.6647725599999998, 1.6709711999999999, 1.67716984, 1.68336848, 1.68956712, 1.69576576, 1.7019644, 1.7081630399999999, 1.7143616799999999, 1.72056032, 1.72675896, 1.7329576, 1.73915624, 1.7453548799999998, 1.7515535199999999, 1.75775216, 1.7639508, 1.77014944, 1.77634808, 1.78254672, 1.78874536, 1.7949439999999999, 1.80114264, 1.80734128, 1.81353992, 1.81973856, 1.8259371999999998, 1.8321358399999998, 1.8383344799999999, 1.84453312, 1.85073176, 1.8569304, 1.86312904, 1.86932768, 1.8755263199999999, 1.88172496, 1.8879236, 1.89412224, 1.90032088, 1.9065195199999998, 1.9127181599999998, 1.9189167999999999, 1.92511544, 1.93131408, 1.93751272, 1.94371136, 1.94991, 1.95610864, 1.9623072799999999, 1.96850592, 1.97470456, 1.9809032, 1.98710184, 1.9933004799999998, 1.9994991199999999, 2.00569776, 2.0118964, 2.01809504, 2.02429368, 2.03049232, 2.03669096, 2.0428896, 2.04908824, 2.0552868799999997, 2.0614855199999997, 2.0676841599999998, 2.0738828, 2.08008144, 2.08628008, 2.09247872, 2.09867736, 2.104876, 2.11107464, 2.11727328, 2.12347192, 2.12967056, 2.1358692, 2.14206784, 2.14826648, 2.15446512, 2.16066376, 2.1668624, 2.17306104, 2.17925968, 2.18545832, 2.19165696, 2.1978556, 2.20405424, 2.21025288, 2.2164515199999997, 2.2226501599999997, 2.2288487999999997, 2.2350474399999998, 2.24124608, 2.24744472, 2.25364336, 2.259842]}}, "Datapoints": 10, "RuleParameters": "min_threshold:70\nmax_threshold:200"}