{"RuleTriggered": 0, "Violations": 0, "Details": {"step_num": {"first": 1663889840426932, "last": 1663890775388089}, "job_start": 1663889722.000932, "job_end": 1663890779.501559}, "Datapoints": 74, "RuleParameters": "threshold:20"}