{"RuleTriggered": 0, "Violations": 0, "Details": {"ratio": {"cpu_functions": 100.0}, "phase": {"Step:ModeKeys.TRAIN": 98.69640281891438, "others": -6.5340534697240935, "Step:ModeKeys.EVAL": 7.837650650809714}, "phase_time": {}, "CPU": {"conv2d": 19.175372448771984, "convolution": 19.174010951425444, "_convolution": 19.173273697921584, "mkldnn_convolution": 19.169006750374574, "batch_norm": 7.770870774777299, "_batch_norm_impl_index": 7.769462894780705, "native_batch_norm": 7.768002481948417}, "CPU_total": {"conv2d": 74828463, "convolution": 74823150, "_convolution": 74820273, "mkldnn_convolution": 74803622, "batch_norm": 30324434, "_batch_norm_impl_index": 30318940, "native_batch_norm": 30313241}, "general": {"DataLoaderIterInitialize": 0.00038890035920035584, "DataLoaderIter": 1.6011926146317061, "Forward": 98.3984184850091}}, "Datapoints": 0, "RuleParameters": ""}